plateforme,sentiment_moyen,elements
Reddit,-0.0028434822468671253,1228
Médias,-0.006188547034424421,100
